Career rank,Career University,Type,Tuition,Undergrad enrollment,Where they stand out,Top industries,Top locations,Most notable skills,See alumni you may know
1,Princeton University,Private,"$65,210",5670,Top 5 school for job placement and entrepreneurship or C-suite experience,"Technology & Internet, Financial Services, Business Consulting & Services","New York City, San Francisco Bay Area, Washington, D.C.","Development Tools (OCaml, Go, AMPL), Scientific Computing, Web Development",https://www.linkedin.com/school/princeton-university/people/
2,Duke University,Private,"$66,326",6525,N/A,"Technology & Internet, Financial Services, Business Consulting & Services","New York City, Washington, D.C., Raleigh, N.C.","MATLAB, Web Development, AI Engineering",https://www.linkedin.com/school/duke-university/people/
3,University of Pennsylvania,Private,"$63,204",10500,N/A,"Financial Services, Technology & Internet, Business Consulting & Services","New York City, Philadelphia, Washington, D.C.","Scientific Computing, Data Science, Industrial Design",https://www.linkedin.com/school/university-of-pennsylvania/people/
4,Massachusetts Institute of Technology,Private,"$64,310",4535,"Top 5 school for entrepreneurship or C-suite experience, internships and recruiter demand","Technology & Internet, Manufacturing, Research Services","Boston, San Francisco Bay Area, New York City","AI Engineering, Robotics, Web Development",https://www.linkedin.com/school/massachusetts-institute-of-technology/people/
5,Cornell University,Private,"$48,010 (in-state); $71,266 (out-of-state)",16130,N/A,"Technology & Internet, Financial Services, Higher Education","New York City, San Francisco Bay Area, Boston","Scientific Computing, Aerospace Engineering, Animation",https://www.linkedin.com/school/cornell-university/people/
6,Harvard University,Private,"$59,320",7100,Top 5 school for entrepreneurship or C-suite experience,"Financial Services, Business Consulting & Services, Technology & Internet","New York City, Boston, San Francisco Bay Area","Data Science, Mathematics, C",https://www.linkedin.com/school/harvard-university/people/
7,Babson College,Private,"$58,560",2800,Top 5 school for network strength and entrepreneurship or C-suite experience,"Financial Services, Technology & Internet, Business Consulting & Services","Boston, New York City, Miami","Data Science, Human Computer Interaction, Entrepreneurship",https://www.linkedin.com/school/babson-college/people/
8,University of Notre Dame,Private,"$65,025",8925,Top 5 school for job placement,"Business Consulting & Services, Financial Services, Technology & Internet","Chicago, New York City, Washington, D.C.","Scientific Computing, Economics, Architecture",https://www.linkedin.com/school/university-of-notre-dame/people/
9,Dartmouth College,Private,"$66,123",4450,Top 5 school for network strength,"Financial Services, Technology & Internet, Business Consulting & Services","New York City, Boston, San Francisco Bay Area","MATLAB, SOLIDWORKS, Human Computer Interaction",https://www.linkedin.com/school/dartmouth-college/people/
10,Stanford University,Private,"$65,127",7555,Top 5 school for entrepreneurship or C-suite experience,"Technology & Internet, Research Services, Financial Services","San Francisco Bay Area, New York City, Los Angeles","AI Engineering, MATLAB, Industrial Design",https://www.linkedin.com/school/stanford-university/people/
11,Northwestern University,Private,"$67,158",8000,N/A,"Technology & Internet, Business Consulting & Services, Financial Markets","Chicago, New York City, San Francisco Bay Area","MATLAB, SOLIDWORKS, Human Computer Interaction",https://www.linkedin.com/school/northwestern-university/people/
12,University of Virginia,Public,"$21,123 (in-state); $58,014 (out-of-state)",17900,N/A,"Technology & Internet, Business Consulting & Services, Financial Services","Washington, D.C., New York City, Charlottesville, Va.","Stata, Data Science, 3D Modeling",https://www.linkedin.com/school/university-of-virginia/people/
13,Vanderbilt University,Private,"$61,618",7220,Top 5 school for network strength,"Technology & Internet, Business Consulting & Services, Financial Services","New York City, Nashville, Tenn., Washington, D.C.","MATLAB, Chemical Engineering, Technical Communication",https://www.linkedin.com/school/vanderbilt-university/people/
14,Brown University,Private,"$71,700",7270,N/A,"Technology & Internet, Financial Services, Business Consulting & Services","New York City, Boston, San Francisco Bay Area","Development Tools (OCaml, Scala, Racket), Economics, AI Engineering",https://www.linkedin.com/school/brown-university/people/
15,Bentley University,Private,"$63,390",4350,Top 5 school for internships and recruiter demand,"Accounting, Financial Services, Technology & Internet","Boston, New York City, Hartford, Conn.","Data  Storage Technologies, Investment Banking, Project Management",https://www.linkedin.com/school/bentley-university/people/
16,Tufts University,Private,"$71,982",6660,N/A,"Technology & Internet, Business Consulting & Services, Financial Services","Boston, New York City, Washington, D.C.","Stata, MATLAB, Animation",https://www.linkedin.com/school/tufts-university/people/
17,Lehigh University,Private,"$66,810",5910,N/A,"Technology & Internet, Accounting, Financial Markets","New York City, Philadelphia, Boston","SOLIDWORKS, Scientific Computing, Scala",https://www.linkedin.com/school/lehigh-university/people/
18,Columbia University,Private,"$71,170",9750,N/A,"Financial Services, Technology & Internet, Business Consulting & Services","New York City, San Francisco Bay Area, Washington, D.C.","Stata, AI Engineering, Foreign Languages",https://www.linkedin.com/school/columbia-university/people/
19,Yale University,Private,"$67,250",6740,N/A,"Financial Services, Business Consulting & Services, Technology & Internet","New York City, Boston, Washington, D.C.","Racket (Programming Language), Stata, Foreign Languages",https://www.linkedin.com/school/yale-university/people/
20,Carnegie Mellon University,Private,"$67,020",7450,Top 5 school for internships and recruiter demand,"Technology & Internet, Financial Services, Advertising Services","San Francisco Bay Area, New York City, Pittsburgh","Development Tools (SML, Ruby on Rails, C), 3D Modeling, MATLAB",https://www.linkedin.com/school/carnegie-mellon-university/people/
21,Bucknell University,Private,"$69,976",3920,Top 5 school for job placement,"Technology & Internet, Financial Services, Legal Services","New York City, Washington, D.C., Boston","Materials Science, MATLAB, Environmental Science",https://www.linkedin.com/school/bucknell-university/people/
22,Boston College,Private,"$72,180",9655,N/A,"Financial Services, Technology & Internet, Hospitals & Healthcare","Boston, New York City, Washington, D.C.","Stata, OCaml, Applied Psychology",https://www.linkedin.com/school/boston-college/people/
23,Villanova University,Private,"$69,846",6700,N/A,"Financial Services, Accounting, Hospitals & Healthcare","New York City, Philadelphia, Boston","Scientific Computing, Capital Markets Analysis, Data Science",https://www.linkedin.com/school/villanova-university/people/
24,University of Illinois Urbana-Champaign,Public,"$18,046 (in-state); $38,398 (out-of-state)",37140,Top 5 school for knowledge breadth,"Technology & Internet, Higher Education, Accounting","Chicago, San Francisco Bay Area, Urbana, Ill.","SystemVerilog, MATLAB, Data Storage Technologies",https://www.linkedin.com/school/university-of-illinois-urbana-champaign/people/
25,Wake Forest University,Private,"$70,332",5490,N/A,"Financial Services, Technology & Internet, Legal Services","New York City, Washington, D.C., Charlotte, N.C.","Stata, Data Science, Foreign Languages",https://www.linkedin.com/school/wake-forest-university/people/
26,University of Chicago,Private,"$71,325",7540,N/A,"Financial Services, Business Consulting & Services, Technology & Internet","Chicago, New York City, San Francisco Bay Area","Development Tools (Racket, Haskell, SML), Data Science, Public Policy",https://www.linkedin.com/school/university-of-chicago/people/
27,University of Southern California,Private,"$73,260",21000,N/A,"Technology & Internet, Advertising Services, Media & Telecommunications","Los Angeles, San Francisco Bay Area, New York City","Video Production, Avid Media Composer, Game Development",https://www.linkedin.com/school/university-of-southern-california/people/
28,Fairfield University,Private,"$59,460",5100,N/A,"Hospitals & Healthcare, Financial Services, Accounting","New York City, Boston, Hartford, Conn.","AI Engineering, Aerospace Engineering, Behavioral Finance",https://www.linkedin.com/school/fairfield-university/people/
29,Washington and Lee University,Private,"$66,800",1885,Top 5 school for job placement and network strength,"Financial Services, Business Consulting & Services, Financial Services","Washington, D.C., New York City, Atlanta","Stata, Data Science, Research",https://www.linkedin.com/school/washington-and-lee-university/people/
30,University of California-Berkeley,Public,"$16,832 (in-state); $51,032 (out-of-state)",33070,N/A,"Technology & Internet, Higher Education, Research Services","San Francisco Bay Area, Los Angeles, New York City","Scheme (Programming Language), Data Science, AI Literacy",https://www.linkedin.com/school/university-of-california-berkeley/people/
31,Rice University,Private,"$66,540",4800,N/A,"Technology & Internet, Business Consulting & Services, Higher Education","Houston, San Francisco Bay Area, New York  City","MATLAB, Engineering Design, Data Science",https://www.linkedin.com/school/rice-university/people/
32,Georgetown University,Private,"$64,896",7970,N/A,"Financial Services, Business Consulting & Services, Legal Services","Washington, D.C., New York City, Boston","Stata, Policy Research, Government & International Relations",https://www.linkedin.com/school/georgetown-university/people/
33,Purdue University,Public,"$9,992 (in-state); $28,794 (out-of-state)",44170,Top 5 school for knowledge breadth,"Manufacturing, Technology & Internet, Higher Education","Indianapolis, Chicago, Lafayette, Ind.","Aerospace Engineering, MATLAB, SOLIDWORKS",https://www.linkedin.com/school/purdue-university/people/
34,University of Michigan-Ann Arbor,Public,"$17,736 (in-state); $60,946 (out-of-state)",34455,N/A,"Technology & Internet, Transportation Equipment Manufacturing, Medical Practices","Detroit, New York City, Chicago","MATLAB, Manufacturing Operations, Rhino 3D",https://www.linkedin.com/school/university-of-michigan-ann-arbor/people/
35,Miami University,Public,"$18,162 (in-state); $40,822 (out-of-state)",20445,N/A,"Technology & Internet, Medical Practices, Business Consulting & Services","Cincinnati, Chicago, Columbus, Ohio","Data Science, Scientific Computing, Advertising",https://www.linkedin.com/school/miami-university/people/
36,Colgate University,Private,"$73,206",3275,Top 5 school for network strength,"Financial Services, Technology & Internet, Legal Services","New York City, Boston, Washington, D.C.","Stata, Ruby on Rails, Foreign Languages",https://www.linkedin.com/school/colgate-university/people/
37,Southern Methodist University,Private,"$61,880",7285,N/A,"Financial Services, Business Consulting & Services, Technology & Internet","Dallas, New York City, Los Angeles","AMPL, Avid iNews, Data Science",https://www.linkedin.com/school/southern-methodist-university/people/
38,Bryant University,Private,"$51,780",3240,Top 5 school for internships and recruiter demand,"Accounting, Financial Services, Insurnace","Boston, New York City, Hartford, Conn.","Data Science, AI Engineering, Design Thinking",https://www.linkedin.com/school/bryant-university/people/
39,Worcester Polytechnic Institute,Private,"$61,790",5455,N/A,"Transportation Equipment Manufacturing, Technology & Internet, Research Services","Boston, Hartford, Conn., New York City","SOLIDWORKS, Robotics, Manufacturing Operations",https://www.linkedin.com/school/worcester-polytechnic-institute/people/
40,The Pennsylvania State University,Public,"$20,644 (in-state); $41,790 (out-of-state)",42225,Top 5 school for knowledge breadth,"Technology & Internet, Transportation Equipment Manufacturing, Medical Practices","Philadelphia, New York City, Washington, D.C.","MATLAB, Architecture, Materials Science",https://www.linkedin.com/school/the-pennsylvania-state-university/people/
41,California Institute of Technology,Private,"$65,622",990,Top 5 school for job placement and internships and recruiter demand,"Technology & Internet, Research Services, Transportation Equipment Manufacturing","San Francisco Bay Area, Los Angeles, New York City","Development Tools (OCaml, Haskell, x86 Assembly), AI Engineering, Robotics",https://www.linkedin.com/school/california-institute-of-technology/people/
42,Trinity College,Private,"$67,650",2160,N/A,"Financial Services, Technology & Internet, Legal Services","New York City, Boston, Hartford, Conn.","MATLAB, Financial Modeling, Foreign Languages",https://www.linkedin.com/school/trinity-college/people/
43,Boston University,Private,"$69,870",17745,N/A,"Technology & Internet, Higher Education, Advertising Services","Boston, New York City, Los Angeles","OCaml, Avid Media Composer, Foreign Languages",https://www.linkedin.com/school/boston-university/people/
44,University of Richmond,Private,"$67,840",3055,N/A,"Technology & Internet, Financial Services, Business Consulting & Services","New York City, Washington, D.C., Richmond, Va.","Data Science, Web Development, Research",https://www.linkedin.com/school/university-of-richmond/people/
45,Stevens Institute of Technology,Private,"$63,010",4235,N/A,"Transportation Equipment Manufacturing, Financial Services, Technology & Internet","New York City, Philadelphia, Washington,  D.C.","SOLIDWORKS, Scientific Computing, Aerospace Engineering",https://www.linkedin.com/school/stevens-institute-of-technology/people/
46,The University of Texas at Austin,Public,"$10,858 (in-state); $42,554 (out-of-state)",42445,Top 5 school for knowledge breadth,"Technology & Internet, Medical Practices, Advertising Services","Austin, Texas, Dallas, Houston","SOLIDWORKS, Architecture, Avid Media Composer",https://www.linkedin.com/school/the-university-of-texas-at-austin/people/
47,Indiana University Bloomington,Public,"$12,386 (in-state); $42,728 (out-of-state)",36835,N/A,"Technology & Internet, Accounting, Higher Education","Chicago, Indianapolis, Bloomington, Ind.","Human Computer Interaction, Foreign Languages, Nonprofit Management",https://www.linkedin.com/school/indiana-university-bloomington/people/
48,Lafayette College,Private,"$64,496",2730,N/A,"Financial Services, Technology & Internet, Legal Services","New York City, Philadelphia, Boston","Ansys Products, Stata, Data Science",https://www.linkedin.com/school/lafayette-college/people/
49,Providence College,Private,"$64,870",4365,N/A,"Financial Services, Accounting, Technology & Internet","Boston, New York City, Hartford, Conn.","FactSet, Health Policy, Foreign Languages",https://www.linkedin.com/school/providence-college/people/
50,University of Wisconsin-Madison,Public,"$11,606 (in-state); $42,104 (out-of-state)",36900,Top 5 school for knowledge breadth,"Technology & Internet, Higher Education, Medical Practices","Madison, Wis., Chicago, Milwaukee","Scientific Computing, SOLIDWORKS, Financial Modeling",https://www.linkedin.com/school/university-of-wisconsin-madison/people/
